Main affected parties,Name,Risk,Mitigation
bees,Bee Welfare / Stress and disturbance," Ethical concerns arise if the technology negatively impacts the well-being of the bees.","We should prioritize the health and well-being of the bees, ensuring that the robotic system minimizes stress and disturbance within the hive."
bees,Bee Welfare / Long-Term Effects,The long-term health effects on bees due to continuous interaction with robotic systems may be uncertain. Ethical considerations include the need to ensure that the technology does not have negative health consequences for the bees,"We should enable continuous health monitoring of the bee colony, and there should be mechanisms for prompt intervention if health issues are detected"
"bees, nature",Impact on wild pollination,,
nature,Interference with Natural Behavior,interventions that disrupt natural foraging patterns or communication within the hive could be a concern,
nature,Unintended Ecological Consequences,"Even though the focus is on managing living bee colonies, there may still be unintended ecological consequences. For example, the use of certain technologies within the hive may have unforeseen impacts on the surrounding environment",We should conduct thorough environmental assessments and implement design features that minimize any negative ecological consequences associated with the technology
beekeepers,Impact on Beekeepers,The use of robotic beehives could potentially impact the traditional role of beekeepers,ensuring that beekeepers are not marginalized or economically disadvantaged by the introduction of this technology
"beekeepers, company",Ownership and Control,"Questions may arise about the ownership and control of the living organisms (bees) within the robotic beehive. ",Clear guidelines and ethical standards should be established to address this issue
"beekeepers, company",Transparency in Operations,operations of the robotic beehive are not transparent,"Stakeholders, including beekeepers, should have a clear understanding of how the technology functions and its potential impacts on the bees"
"beekeepers, company",Data Privacy / Bee Data,"If the robotic beehive collects data on bee behavior, health, or other aspects, ethical considerations related to data privacy and security should be addressed to protect both the bees and the beekeepers. How is data collected by the robotic system handled, and who owns the data related to the bee colony?
","We should have clear policies on data privacy, ensuring that beekeepers retain control of relevant data and that it is used responsibly and securely, but the company also can use it for the benefits of all beekeepers (training)."
"beekeepers, company",Equity and Access to Technology,Equitable access to and affordability of robotic beehive technology should be addressed to avoid creating disparities among beekeepers,
,,,"Robotic technology complements the work of beekeepers, empowering them with tools for better hive management and productivity"